Word,Score
fire,0.6085716086679512
security,0.21691661299055687
alarms,0.20486569004663704
communications,0.20486569004663704
services,0.19582749783869718
systems,0.18980203636673726
emergency,0.1867893056307573
customer,0.17775111342281744
ct,0.15063653679899783
cybersecurity,0.14159834459105797
monitoring,0.14159834459105797
month,0.14159834459105797
call,0.13557288311909804
contact,0.12352196017517822
fax,0.12352196017517822
home,0.12352196017517822
award,0.10243284502331852
honeywell,0.10243284502331852
protection,0.10243284502331852
relationships,0.10243284502331852
boston,0.09942011428733856
clients,0.09942011428733856
post,0.09942011428733856
news,0.09640738355135861
alarm,0.08736919134341874
menu,0.069292806927539
access,0.06326734545557909
alert,0.06326734545557909
badging,0.06326734545557909
control,0.06326734545557909
notification,0.06326734545557909
photo,0.06326734545557909
reporting,0.06326734545557909
training,0.06326734545557909
customers,0.05422915324763922
toggle,0.05422915324763922
answer,0.05121642251165926
cctv,0.05121642251165926
committed,0.05121642251165926
core,0.05121642251165926
demand,0.05121642251165926
design,0.05121642251165926
developed,0.05121642251165926
expertise,0.05121642251165926
following,0.05121642251165926
llc,0.05121642251165926
manner,0.05121642251165926
mass,0.05121642251165926
operate,0.05121642251165926
partnership,0.05121642251165926
performance,0.05121642251165926
quality,0.05121642251165926
recipient,0.05121642251165926
roadnorth,0.05121642251165926
service,0.05121642251165926
solutions,0.05121642251165926
specialists,0.05121642251165926
specialty,0.05121642251165926
superior,0.05121642251165926
windham,0.05121642251165926
customerswork,0.048203691775679305
firstbuilding,0.048203691775679305
road,0.048203691775679305
servicing,0.048203691775679305
years,0.048203691775679305
fasd,0.04519096103969935
newsmenu,0.02711457662381961
servicesmenu,0.02711457662381961
follow,0.024101845887839653
copyright,0.018076384415879738
nurse,0.015063653679899782
welcome,0.015063653679899782
info,0.006025461471959913
building,0.0030127307359799566
lasting,0.0030127307359799566
principals,0.0030127307359799566
proud,0.0030127307359799566
putting,0.0030127307359799566
work,0.0030127307359799566
powered,0.0007531826839949891
