Word,Score
suppress,77874.7507274374
alarm,72737.37583865014
servic,40053.92051641474
fire,22874.370056187385
road,19981.140868343256
suit,19939.786800875598
lake,19939.786800875598
usher,19572.40619618123
system,19105.01197223601
move,16172.17040133068
learn,12687.382911883302
contact,12432.49245544927
inspect,12024.545162879867
offer,11878.434632167682
readi,9947.008728815677
design,9766.188850587341
emerg,8863.854069128127
project,7491.809999397228
locat,7312.750939024258
host,5831.789623993057
suppressionfir,5810.740968462586
alarmfir,5798.885358945017
extinguisherkitchen,5798.885358945017
pleas,5730.817039911669
websit,5480.505814014419
creativ,5457.2876997488565
ballston,5413.832140166904
visionz,5380.148851674641
systemsservic,5326.084027331669
provid,5097.9675933976905
reportsprivacyterm,4292.785007627548
usesitemap,4275.389309693137
inform,4103.858136029608
ani,3503.540280967313
reserv,3314.6600383413033
custom,2686.379011627466
instal,2659.750185712594
extinguish,2659.750185712594
test,2406.5105477635534
includ,2392.193685221968
secur,2382.723586506134
parti,1926.2894484623118
warranti,1907.1456365480428
certif,1757.7720714415661
content,1653.0518086172606
requir,1646.5390998295172
address,1463.2638082689225
train,1447.6019853178364
mainten,1237.6952041500463
product,1223.1089635876217
