Word,Score
system,351657.3938250047
protect,282552.81894859514
fire,166071.93736771523
servic,114281.44750284628
firetrol,109200.8509295028
safeti,78601.792548086
life,68610.16060738832
provid,57823.22159412915
design,47179.60947446549
secur,45202.65640341055
solut,41232.24713119813
integr,25110.120779629047
facil,21823.441395387927
instal,16945.8381115152
suppress,16411.17453965645
locat,15668.852785210744
offic,15237.112583532582
detect,14919.299118286055
repair,14780.833817530865
schedul,12733.190053419963
technolog,12032.788262383092
industri,11273.007456368905
requir,11034.381940177522
sprinkler,10472.361238569447
custom,10462.555548475802
work,10332.464046398567
inspect,10303.715782325718
properti,10065.258596078353
busi,9756.550706258762
alarm,9472.03933241768
offer,9461.549806089495
meet,8888.177625464614
advanc,8783.253931675741
team,8479.380575040079
manag,8252.732351815106
mainten,7421.967273406156
inspectioncontact,7163.7093669758215
experi,7080.165794150034
resourc,6875.805661390439
equip,6500.438446189929
rang,6108.318641348242
constant,5842.0051106714345
build,5834.895270897753
report,5760.0534833390075
engin,5406.030888476601
texa,5264.634321689139
oper,5127.42972429858
wide,4613.508196445697
compani,4607.9204598949
hazard,4571.627621083896
