Word,Score
system,309745.4371410268
alarm,145848.3026623966
fire,143498.59406919946
class,59632.841928480644
panel,56786.16032097815
prism,40891.02498058238
control,38581.55008924575
modul,37774.20127808255
communic,31981.78887450972
address,27485.411157007406
fci,26142.280701491443
gamewel,26029.801659056968
provid,25601.232656937693
support,22532.06725179481
option,22262.485919290608
builtin,17656.969846214186
network,16901.940038200108
circuit,15796.035954609333
detect,15470.56166894681
zone,15315.94330750777
program,14445.098557840207
connect,13885.57550988398
monitor,13357.792128747093
line,13223.205981951243
wireless,12615.065738571575
interfac,12448.005564790381
remot,12287.31264471785
devic,12020.24522052486
power,11799.13139073136
display,11140.353550165626
instal,10008.308934183902
includ,8905.432239862723
style,8878.704105656452
wire,8272.928518791483
point,8204.297212855887
notif,7890.546606181373
softwar,7879.571512084808
intellig,7570.9898837080755
ntech,7563.552533154596
featur,7326.2660150933825
emerg,7143.890761739095
oper,7113.832045099281
box,6876.133588653278
design,6841.685411668328
event,6521.004969414233
applic,6494.557112007075
seri,6454.568512587102
configur,6300.751360160064
programm,6230.568705925055
capabl,6173.844210168635
