Word,Score
system,908948.5807690672
servic,396194.6038380515
fire,356182.0181244127
paladin,263476.7405438509
alarm,222309.91890146566
inspect,168835.44034063898
secur,164919.3719189548
provid,119005.48963044723
control,114719.42194783542
video,102572.74276184257
solut,99208.6322681539
sound,97712.26311268045
communic,86973.69270779389
access,85245.23205553708
station,85189.37883607496
monitor,83225.30968296951
facil,74604.38052497302
custom,74134.79736644468
requir,66592.41185153995
team,62616.6010855562
includ,61351.31121469122
design,56341.90646630473
key,48225.45573752774
panel,45708.492272405056
intercom,42342.94129206692
devic,42146.692679913234
manag,41726.34458371606
test,41268.78309581057
ani,40518.53933467824
build,39790.30716484333
oper,38011.77547825953
instal,36754.460897767305
area,35498.662875670736
call,35485.55588720037
room,35359.29208446605
contact,35048.52671674845
audio,33446.01083084015
telephon,32599.556231886672
camera,32107.810680216684
deploy,31419.642068979556
busi,31311.44303587401
hour,30610.02089547873
integr,29901.37478977625
central,29637.359637282403
cellular,29196.97034242877
nation,28995.95851135416
mask,28986.445343126812
survey,28786.13155159074
offer,28693.14849543715
technolog,27635.124504514788
