Word,Score
fire,39813.33704627897
system,13061.463602881464
suppress,8451.878460644388
elementor,8252.034126439428
protect,8213.701563980378
design,7609.357090294843
alarm,4271.08338124734
busi,4123.891271638211
high,4048.2692698695387
recommend,3991.5823870409513
read,3618.8271987053795
instal,3088.513140946669
profession,3053.9267757293364
inspect,2624.855145551085
vardividerborderstyl,2459.9901979444658
elementordivid,2459.9901979444658
build,2327.455276349533
maintain,2327.455276349533
alway,2228.8482966651363
price,2228.8482966651363
residenti,2018.5937023433573
properti,1996.1023415058357
sprinkler,1958.8909737058716
servic,1608.7520220217486
competit,1592.9733540411748
compani,1584.1205888073682
team,1517.2012410743364
street,1408.0336163962177
norfolk,1408.0336163962177
wellman,1377.1052189237619
career,1307.4081859120852
valuabl,1223.811023750071
copyright,1217.0156933035573
elementorbutton,1217.0156933035573
hoodpaint,1179.2629877762608
booth,1179.2629877762608
repair,1175.9835720159458
secur,1175.9835720159458
rang,1175.9835720159458
time,1107.3971924577818
give,1013.9534623013132
call,1013.9534623013132
elementorwidgetdivid,962.8912659984774
rescu,884.3119924621276
guy,884.3119924621276
polit,884.3119924621276
fast,884.3119924621276
knowledg,884.3119924621276
dealt,884.3119924621276
citi,884.3119924621276
