Word,Score
system,1660.0177466844143
servic,1135.9128980399237
fire,1104.4062677035513
alarm,860.1937194822906
allen,639.3259494701234
emerg,582.610142889312
prevent,582.610142889312
mainten,582.610142889312
instal,512.3142182360602
product,419.13091406436024
repair,398.54124632431666
technician,331.5299593976205
custom,295.17957187099574
sale,258.2400505456147
contract,242.9788934442511
test,242.97889344425099
inspect,207.35732341512963
compani,189.46832944031533
design,183.66487126716893
provid,183.66487126716893
qualiti,183.66487126716893
state,172.87603577352874
certifi,167.85693017215223
alreadi,151.69459254179324
contact,149.7163327976192
benefit,119.58316049241391
commpass,119.58316049241391
includ,119.58316049241391
program,119.58316049241391
public,112.61097006608017
reliabl,107.00465118440819
valu,103.69894188136809
massachusett,97.56092371824276
work,87.97928974702147
everi,87.97928974702147
aspect,87.97928974702147
submitt,87.97928974702147
approv,87.97928974702147
process,87.97928974702147
call,87.97928974702147
center,87.97928974702147
connect,87.97928974702147
oncal,87.97928974702147
decad,87.97928974702147
experi,87.97928974702147
licens,87.97928974702147
factori,87.97928974702147
innov,87.97928974702147
life,87.97928974702147
safeti,87.97928974702147
