Word,Score
rzs,2149.2885529577543
solut,1940.5043503787927
contractor,1288.1242023794084
provid,1061.5260507790629
state,958.1985167333114
question,822.5313387834047
product,732.6378996003236
send,716.0553416024137
mail,689.6507797548866
webmast,689.6507797548866
web,689.6507797548866
site,689.6507797548866
technolog,689.6507797548866
solv,689.6507797548866
problem,689.6507797548866
licens,689.6507797548866
mill,689.6507797548866
road,689.6507797548866
phone,689.6507797548866
fax,689.6507797548866
servic,649.3414509125928
system,455.85317650654594
busi,336.4570779137751
integr,310.87631316479235
agenc,304.6191688555747
work,297.07389626257054
weather,273.97738961915815
custom,269.66919137696993
municip,264.3576751236779
government,264.3576751236779
wide,218.31028931169425
varieti,218.31028931169425
buildingconstruct,218.31028931169425
manag,218.31028931169425
compani,197.16491339886133
control,161.48873118806407
traffic,157.47596301970466
nation,157.47596301970466
call,153.62054916652335
secur,153.62054916652335
supplier,153.62054916652335
equip,146.34981788064408
support,146.34981788064408
station,146.34981788064408
togeth,123.27027722201669
time,120.17591441127223
pleas,120.17591441127223
year,120.17591441127223
accomplish,120.17591441127223
commit,120.17591441127223
