Word,Score
fire,528505.3768890388
vsc,275556.6936449889
secur,159165.7111847884
safeti,74490.6913253953
protect,58904.98747075948
year,58021.050968836294
meehan,51389.39530790848
compani,48173.52166167477
servic,41376.47670164937
system,39573.1462278291
join,36607.66809105965
read,35371.00017797681
find,35160.98661500308
carolina,31122.71805777578
sprinkler,29205.676149675062
announc,29121.125019832085
retir,27708.37302741651
custom,27235.589580415613
central,25707.654638672368
inspect,25459.733984005037
learn,24288.24193366327
instal,21460.59437737576
locat,20439.553427575902
phone,20160.680557224743
beach,19656.320737412836
knox,19189.093692209153
currentpag,17555.298645102648
team,17137.202091459683
career,16893.0803334434
profession,16523.494047584074
group,16484.456071042317
fdc,16469.748161643965
addison,15860.659051406688
arkansa,14886.704523287231
kati,14645.784479920241
young,14242.700600941276
ceo,14217.425570822692
commerci,13700.884018878713
opportun,13121.445226567515
life,12026.671315843
chanc,11997.878412739867
explor,11692.276043626878
provid,11369.176102685058
work,10351.726373277153
worth,9859.963931668453
touch,9770.072268058277
true,9634.334702046242
springfield,9449.17229967691
fort,9443.380395974666
charlott,9216.180528937017
