Word,Score
world secur paramount,0.06451775152153014
need increas,0.06417143038097664
question concern abour product servic,0.06027225622220123
onli,0.05207009020773088
new date gettim ark system,0.05175801791693756
way ark way believ,0.05075623212325979
use provid inform,0.05056105163865808
high qualiti integr electron system,0.05000222303613091
industri thrive biometr secur increas,0.04814042612878557
discuss projectcal,0.04800529913881004
brand use,0.046541178224328884
constant strive expand,0.04505113861569765
high standard,0.043469946305986766
quot setattribut,0.03881522021717233
innov design idea support,0.03750178771554851
industri leader believ,0.03621378117633058
technolog avail build,0.034408373234544286
industri latest news ark system,0.034141995299042056
share everi customersinc,0.031241685625605406
invoic onlin,0.030987149062917635
red branch rdcolumbia,0.02668827619826289
retrievalnurs,0.018291008472692858
everi custom sinc,0.018285545738210385
informationdo,0.01810813579863864
