Word,Score
servic boston post,0.372093975485938
windham ct servic client,0.2789304274014532
longstand relationship client oper,0.19549255747708935
safe manner,0.06141048344074657
servic fire alarm secur,0.05346148759882713
custom,0.03861106859594558
