Word,Score
pace,0.14113910930566353
chang interest,0.1351301057857378
pace,0.133816457085753
chang interest,0.12528391126652422
sure technician,0.11956921897927732
sure technician,0.11477942888410683
instal profession,0.10314938221787849
expert custom solut busi,0.09714270207636899
fire prevent copyright,0.09380208315698883
fire prevent request,0.09157389587173378
work industri,0.09051160591650918
design instal,0.08587024690224684
fire prevent copyright,0.08325246544969264
expert custom solut busi,0.07938899544479175
custom work hard ensur work,0.07773664121156346
goal provid honest reliabl servic,0.07164323552114071
custom work hard ensur work,0.0701461170489403
sure technician,0.06536933227517969
right reserv locat sw ave,0.06447908095449746
goal provid honest reliabl servic,0.06436606208474406
twenti year,0.0617098606280873
choic,0.05557848130831643
choic,0.04378832446718406
extens knowledg extinguish system,0.041980683282522746
inspect wide rang product,0.04050169005477381
standard,0.040483605781542836
inspect wide rang product,0.03926920269749236
prepar anyth,0.03761366234544324
onli client,0.03752779588263061
sure qualiti integr,0.03734366393715499
cian offic staff pride ourselv,0.03522973223723429
right reserv locat sw ave,0.03507641835501861
backflow prevent,0.03489450587415729
field someon,0.03387550492633371
backflow prevent,0.03259215523756949
attent detail raul,0.03254265183709168
pace,0.03236280000345158
chang interest,0.030566841482818477
custom satisfact,0.030315659268717002
industri technician high train dedic,0.030290042483213715
chanc,0.02705730082060444
engin suppress system commerci kitchen,0.02525103957874274
right reserv locat sw ave,0.02505482275807132
instal profession,0.024595049199959716
life safeti,0.024413318145665226
life safeti,0.023280871226113484
expert custom solut busi,0.022703880538892426
custom work hard ensur work,0.020564268461437073
goal provid honest reliabl servic,0.018281004415518484
chanc,0.016695985036815207
engin suppress system commerci kitchen,0.014530717120116138
life safeti,0.013500561636434389
code lazaro rivera owner raul,0.013293751566826805
chanc sw ave miami,0.011811885822692034
yoel niebla general manag yoel,0.011676492416149802
inspect wide rang product,0.011579085667351541
backflow prevent,0.010522261278722776
profession team raul,0.007392678156447528
engin suppress system commerci kitchen,0.006101666623346023
