Word,Score
fire suppress alarm system,0.09964236834402869
fast knowledg,0.08464133251534176
citi,0.08105459326655234
rescu guy,0.07153511259824497
high recommend anyon,0.06956677025459665
team,0.06114480405960208
complet time budget high,0.05968860613549986
fair honest price project,0.05612823346399358
loren,0.05486445877709007
everyon,0.03873397350472436
career,0.0379054469297939
benefit invest educ,0.03476861303367737
residenti properti fire sprinkler,0.03291433345423829
hard epic parti team retreat,0.030637099158671605
profit share bonus,0.024548162538990725
servic repair system,0.02086750638381409
design build,0.018729010270003604
maryann,0.018265919119562272
form,0.01698876052965576
time talk,0.016980388485442772
interest,0.014354349825536926
money futur employ match contribut,0.013975182317882612
profession fire protect,0.013246400967304936
salari,0.012874971616547038
messag,0.00842884766583693
unriv salari benefit unriv salari,0.007514754783366884
