Word,Score
custom emerg contract custom,0.08514198543318903
alreadi,0.0847673343290084
public custom signific benefit,0.08187505523959078
emerg servic prevent mainten test,0.0814305773314433
realiz,0.08121283108182739
qualiti product competit price state,0.07389508187324924
vendor screen offer program,0.07344751058418494
state contract,0.06606032668252577
everi aspect design,0.06558384045122201
statewid,0.06462616935748555
solut provid accur trust,0.042082867052833386
proof,0.037304712560726414
addit inform program pleas,0.037137087385765544
new instal product system,0.03495260929395737
approv process fire alarm system,0.02749288057942401
normal fontsiz color gray divfootercss,0.027010316150307866
allen compani,0.02029185264183101
technician licens factori certifi year,0.015686961971427917
