Word,Score
thirti,0.053153236765357756
supplier,0.05256604182561114
year,0.04889326200230311
budget,0.04854791087848402
stori,0.047963318546370357
mani custom,0.04732013927616413
util expertis compani associ,0.04585488025317004
highest qualiti accord,0.044246106800977125
time,0.04224931489362527
opportun work demonstr,0.04046632761243113
excus pleas,0.040423410211610875
import asset,0.03921395657012522
time visit rzs solut page,0.03882343253800549
unit state mission partner,0.03830768216595727
honesti,0.035654136670353456
accomplish provid product,0.03521814000895821
provid complet quot includ,0.03209893580956527
long term relationship,0.027518200400749086
inform look pleas,0.026597322570699848
busi partner equip supplier,0.02458875025578171
specif,0.02352275128415774
materi technic support warranti,0.023482951019292923
facil resourc necessari,0.02057677053132423
busi,0.02026546064059711
maximum opportun particip,0.020074579690179298
ani,0.015919184187896677
undertak continu,0.014474022930074302
equal employ opportun,0.013645349396453902
categori product avail rzs,0.010647138204502471
presal assist product,0.010309770313180717
lightn,0.008746695700607442
region map communiti servic rzs,0.008630820045432521
