Word,Score
suppress communic system,0.07983723339041254
devic scien,0.07878955075290243
fire,0.06426386562439342
emerg respond communic system,0.05908128182056608
continu,0.04291955739449276
right reserv scien,0.040662466270618564
optim safeti secur,0.0397922454218455
respons,0.0343865409787995
time money,0.03421520602351319
smart passion mission,0.03362095127077184
industri secur safer tomorrow scien,0.03123541283338898
communic help,0.028900930060768975
experi design instal,0.027876993846704386
speed matter serv busi protect,0.02342395143486489
world,0.02137327862238411
live serv busi,0.02108368843055499
communic electr scien allinon,0.020052746073956105
busi,0.016889011890756603
facil militari base,0.016394161097360502
phase,0.015602934469257475
safe secur scien,0.014904823781677866
work eager help strike balanc,0.013989250336354366
countri rural administr,0.013797101633620072
skill idea workplac love love,0.013128924613861101
highvalu,0.012960826877494315
scien divers group bright talent,0.012492195269691662
fire alarm system compromis devic,0.012243823916916051
streamlin safeti,0.012087659462668147
life safeti continu busi,0.011669043256186031
believ possibl meaning work,0.011488848572983594
cargo,0.010758680016936882
healthcar situat,0.009822635509254371
combin strength,0.009466495839285159
expert,0.009416027684814853
risk,0.009350289283190146
build,0.00927022691756629
patron,0.008736882363380546
import,0.008677116591234862
comprehens approach safeti requir,0.008261025079695304
stake high live line,0.008212161375953798
financi consequ minim risk fire,0.008082218152255991
environ local counti state feder,0.00785812053340387
access manag surveil fire,0.0077181460030597325
team,0.007536745895382772
protect,0.006373318053199658
workplac safe sound,0.006317156247488598
solut work,0.004978249024131178
