Word,tfidf
inc,0.457495710997814
systems,0.457495710997814
telecommunication,0.457495710997814
copyright,0.30499714066520933
reserved,0.30499714066520933
rights,0.30499714066520933
universal,0.30499714066520933
