Word,Score
Firetrol_Protection_Systems,1.9682647537465817e-09
Systems_Notification_Systems,3.376626968458741e-08
Systems_Foam_Systems,4.8133128554260455e-08
fire_protection_systems,5.568949395513105e-08
life_safety_systems,6.147669621632526e-08
fire_suppression_systems,6.257427247779783e-08
Fire_Sprinkler_Systems,7.278816888819427e-08
Protection_Systems,9.345442761878577e-08
Systems_Integrated_Security,1.4806297329525954e-07
Systems_Fire_protection,1.5441177869377248e-07
Detection_Systems_Notification,1.5978392473757772e-07
Systems_Fire_Alarm,1.773868478533829e-07
notification_systems_systems,1.883802413982245e-07
Foam_Systems_Fire,2.0088791080292205e-07
Systems_Dry_Systems,2.1300315608191672e-07
Firetrol_Protection,2.287886665873148e-07
Systems_Deluge_Systems,2.808591778724768e-07
mass_notification_systems,3.271172380885703e-07
Dry_chemical_Systems,3.547943156788464e-07
service_fire_protection,3.559862126361577e-07
