Word,Score
Fire_Alarm_Inspection,1.274517646155451e-09
Fire_Alarm_system,1.3889176499396885e-09
Fire_Alarm_Panel,3.6399746813721743e-09
Central_Station_Monitoring,7.536286944175335e-09
Hour_Service_Team,7.804669056375207e-09
Safety_Fire_Alarm,8.560644144106227e-09
Fire_Alarm_Area,9.890982731604907e-09
Paladin_Protective_Systems,1.3594058141822733e-08
Inspections_Central_Station,1.8196731308500415e-08
Rescue_BDA_Systems,1.9832178260871165e-08
Notifier_Fire_Alarm,2.06515680136502e-08
Fire_Alarm,2.0679731397570942e-08
Fire_Alarm_Service,2.1986177890700953e-08
Fire_Alarm_technicians,2.3261026109821644e-08
BDA_Systems_LTE,2.3521066788441363e-08
Access_Control_Systems,2.3906760428677746e-08
Security_Access_Control,2.426758632883931e-08
Alarm_Systems_Fire,2.4537545148934493e-08
Systems_Fire_Alarm,2.4537545148934493e-08
Systems_LTE_Cellular,2.6287409413398586e-08
