Word,Score
Professional_Fire_Protection,1.3845416546961456e-06
Google_Review_Read,1.9073291789449842e-06
Fire_Protection_Systems,2.6102671958347136e-06
Fire_Sprinkler_Design,4.247987716862475e-06
Install_Fire_Alarm,6.30813412358485e-06
Fire_Alarm_Design,6.4145001560091584e-06
Paint_Booth_Fire,8.715423857699138e-06
fire_suppression_system,8.72102895526117e-06
Install_Fire_Sprinkler,9.054064270869703e-06
Booth_Fire_Suppression,1.0265970801753232e-05
Professional_Fire,1.7134639129170648e-05
Wellman_Street_Norfolk,1.9862558637875546e-05
Fire_Sprinklers_Save,1.9983156871003033e-05
Fire_Protection,2.014298734391899e-05
services_Fire_Sprinkler,2.0976884194272375e-05
fire_suppression,2.1289502601196182e-05
Install_System_Inspection,2.335249828851209e-05
Portal_Contact_Info,2.5186386123992123e-05
Fire_Suppression_Range,2.557680034364549e-05
Google_Review,2.8268007352376457e-05
