Word,Score
West_Fire_Systems,3.3252184305002115e-11
Fire_Alarm_Systems,3.4444682882041258e-09
Fire_Systems,5.183227711663665e-09
video_management_systems,5.437730158807421e-09
fire_detection_system,6.198808928484213e-09
Mass_Notification_System,7.0592004249623305e-09
West_Fire,8.813939308751504e-09
EMERGENCY_CALL_SYSTEMS,1.3178163266267894e-08
Emergency_Communication_System,1.3324617267682435e-08
nurse_call_system,1.845184340284613e-08
access_control_system,1.847692737463893e-08
SECURITY_MANAGEMENT_SYSTEMS,2.0630898669526726e-08
CONTROL_SYSTEMS_Interfacing,2.0863378505130395e-08
infant_monitoring_system,2.2708958651945773e-08
Systems_Fire_Alarm,3.272244873793919e-08
Camera_Systems_Fire,3.636930948407837e-08
Security_Camera_Systems,4.2958389210452166e-08
Contact_West_Fire,6.791510260013601e-08
intercom_system_control,7.258847597020085e-08
AUDIO_EVACUATION_SYSTEMS,1.1562847998908483e-07
